TeamId,League,Division,ShortName,AbbName,GameDate,dh,AwayTeamId,HomeTeamId,isHome,OpponentId,OpponentAbbName,teamSPPlayerId,teamSPPlayerName,teamSPPlayerNameRoute,Throws,notes
1,AL,W,Angels,LAA,2026-04-21T00:00:00,0,14,1,1,14,TOR,27688,Jack Kochanowicz,Jack Kochanowicz,R,
1,AL,W,Angels,LAA,2026-04-22T00:00:00,0,14,1,1,14,TOR,22100,José Soriano,Jose Soriano,R,
1,AL,W,Angels,LAA,2026-04-24T00:00:00,0,1,7,0,7,KCR,20633,Yusei Kikuchi,Yusei Kikuchi,L,
1,AL,W,Angels,LAA,2026-04-25T00:00:00,0,1,7,0,7,KCR,29357,Walbert Urena,Walbert Urena,R,
1,AL,W,Angels,LAA,2026-04-26T00:00:00,0,1,7,0,7,KCR,27468,Reid Detmers,Reid Detmers,L,
1,AL,W,Angels,LAA,2026-04-27T00:00:00,0,1,4,0,4,CHW,27688,Jack Kochanowicz,Jack Kochanowicz,R,
1,AL,W,Angels,LAA,2026-04-28T00:00:00,0,1,4,0,4,CHW,22100,José Soriano,Jose Soriano,R,
1,AL,W,Angels,LAA,2026-04-29T00:00:00,0,1,4,0,4,CHW,20633,Yusei Kikuchi,Yusei Kikuchi,L,
1,AL,W,Angels,LAA,2026-05-01T00:00:00,0,25,1,1,25,NYM,29357,Walbert Urena,Walbert Urena,R,
1,AL,W,Angels,LAA,2026-05-02T00:00:00,0,25,1,1,25,NYM,27468,Reid Detmers,Reid Detmers,L,
1,AL,W,Angels,LAA,2026-05-03T00:00:00,0,25,1,1,25,NYM,27688,Jack Kochanowicz,Jack Kochanowicz,R,
1,AL,W,Angels,LAA,2026-05-04T00:00:00,0,4,1,1,4,CHW,22100,José Soriano,Jose Soriano,R,
1,AL,W,Angels,LAA,2026-05-05T00:00:00,0,4,1,1,4,CHW,20633,Yusei Kikuchi,Yusei Kikuchi,L,
1,AL,W,Angels,LAA,2026-05-06T00:00:00,0,4,1,1,4,CHW,29357,Walbert Urena,Walbert Urena,R,
2,AL,E,Orioles,BAL,2026-04-21T00:00:00,0,2,7,0,7,KCR,22264,Shane Baz,Shane Baz,R,
2,AL,E,Orioles,BAL,2026-04-22T00:00:00,0,2,7,0,7,KCR,12304,Chris Bassitt,Chris Bassitt,R,
2,AL,E,Orioles,BAL,2026-04-24T00:00:00,0,3,2,1,3,BOS,19350,Dean Kremer,Dean Kremer,R,
2,AL,E,Orioles,BAL,2026-04-25T00:00:00,0,3,2,1,3,BOS,22286,Trevor Rogers,Trevor Rogers,L,
2,AL,E,Orioles,BAL,2026-04-26T00:00:00,0,3,2,1,3,BOS,24586,Kyle Bradish,Kyle Bradish,R,
2,AL,E,Orioles,BAL,2026-04-28T00:00:00,0,21,2,1,21,HOU,22264,Shane Baz,Shane Baz,R,
2,AL,E,Orioles,BAL,2026-04-29T00:00:00,0,21,2,1,21,HOU,12304,Chris Bassitt,Chris Bassitt,R,
2,AL,E,Orioles,BAL,2026-04-30T00:00:00,0,21,2,1,21,HOU,19350,Dean Kremer,Dean Kremer,R,
2,AL,E,Orioles,BAL,2026-05-01T00:00:00,0,2,9,0,9,NYY,22286,Trevor Rogers,Trevor Rogers,L,
2,AL,E,Orioles,BAL,2026-05-02T00:00:00,0,2,9,0,9,NYY,24586,Kyle Bradish,Kyle Bradish,R,
2,AL,E,Orioles,BAL,2026-05-03T00:00:00,0,2,9,0,9,NYY,22264,Shane Baz,Shane Baz,R,
2,AL,E,Orioles,BAL,2026-05-04T00:00:00,0,2,9,0,9,NYY,12304,Chris Bassitt,Chris Bassitt,R,
2,AL,E,Orioles,BAL,2026-05-05T00:00:00,0,2,20,0,20,MIA,19350,Dean Kremer,Dean Kremer,R,
2,AL,E,Orioles,BAL,2026-05-06T00:00:00,0,2,20,0,20,MIA,22286,Trevor Rogers,Trevor Rogers,L,
3,AL,E,Red Sox,BOS,2026-04-21T00:00:00,0,9,3,1,9,NYY,33666,Connelly Early,Connelly Early,L,
3,AL,E,Red Sox,BOS,2026-04-22T00:00:00,0,9,3,1,9,NYY,17277,Ranger Suarez,Ranger Suarez,L,
3,AL,E,Red Sox,BOS,2026-04-23T00:00:00,0,9,3,1,9,NYY,23920,Brayan Bello,Brayan Bello,R,
3,AL,E,Red Sox,BOS,2026-04-24T00:00:00,0,3,2,0,2,BAL,27463,Garrett Crochet,Garrett Crochet,L,
3,AL,E,Red Sox,BOS,2026-04-25T00:00:00,0,3,2,0,2,BAL,35466,Payton Tolle,Payton Tolle,L,
3,AL,E,Red Sox,BOS,2026-04-26T00:00:00,0,3,2,0,2,BAL,33666,Connelly Early,Connelly Early,L,
3,AL,E,Red Sox,BOS,2026-04-27T00:00:00,0,3,14,0,14,TOR,17277,Ranger Suarez,Ranger Suarez,L,
3,AL,E,Red Sox,BOS,2026-04-28T00:00:00,0,3,14,0,14,TOR,23920,Brayan Bello,Brayan Bello,R,
3,AL,E,Red Sox,BOS,2026-04-29T00:00:00,0,3,14,0,14,TOR,27463,Garrett Crochet,Garrett Crochet,L,
3,AL,E,Red Sox,BOS,2026-05-01T00:00:00,0,21,3,1,21,HOU,35466,Payton Tolle,Payton Tolle,L,
3,AL,E,Red Sox,BOS,2026-05-02T00:00:00,0,21,3,1,21,HOU,33666,Connelly Early,Connelly Early,L,
3,AL,E,Red Sox,BOS,2026-05-03T00:00:00,0,21,3,1,21,HOU,17277,Ranger Suarez,Ranger Suarez,L,
3,AL,E,Red Sox,BOS,2026-05-04T00:00:00,0,3,6,0,6,DET,23920,Brayan Bello,Brayan Bello,R,
3,AL,E,Red Sox,BOS,2026-05-05T00:00:00,0,3,6,0,6,DET,27463,Garrett Crochet,Garrett Crochet,L,
3,AL,E,Red Sox,BOS,2026-05-06T00:00:00,0,3,6,0,6,DET,12768,Sonny Gray,Sonny Gray,R,
4,AL,C,White Sox,CHW,2026-04-21T00:00:00,0,4,15,0,15,ARI,29878,Sean Burke,Sean Burke,R,
4,AL,C,White Sox,CHW,2026-04-22T00:00:00,0,4,15,0,15,ARI,20387,Anthony Kay,Anthony Kay,L,
4,AL,C,White Sox,CHW,2026-04-23T00:00:00,0,4,15,0,15,ARI,21448,Davis Martin,Davis Martin,R,
4,AL,C,White Sox,CHW,2026-04-24T00:00:00,0,24,4,1,24,WSN,17425,Erick Fedde,Erick Fedde,R,
4,AL,C,White Sox,CHW,2026-04-25T00:00:00,0,24,4,1,24,WSN,32056,Noah Schultz,Noah Schultz,L,
4,AL,C,White Sox,CHW,2026-04-26T00:00:00,0,24,4,1,24,WSN,29878,Sean Burke,Sean Burke,R,
4,AL,C,White Sox,CHW,2026-04-27T00:00:00,0,1,4,1,1,LAA,20387,Anthony Kay,Anthony Kay,L,
4,AL,C,White Sox,CHW,2026-04-28T00:00:00,0,1,4,1,1,LAA,21448,Davis Martin,Davis Martin,R,
4,AL,C,White Sox,CHW,2026-04-29T00:00:00,0,1,4,1,1,LAA,17425,Erick Fedde,Erick Fedde,R,
4,AL,C,White Sox,CHW,2026-05-01T00:00:00,0,4,29,0,29,SDP,32056,Noah Schultz,Noah Schultz,L,
4,AL,C,White Sox,CHW,2026-05-02T00:00:00,0,4,29,0,29,SDP,29878,Sean Burke,Sean Burke,R,
4,AL,C,White Sox,CHW,2026-05-03T00:00:00,0,4,29,0,29,SDP,20387,Anthony Kay,Anthony Kay,L,
4,AL,C,White Sox,CHW,2026-05-04T00:00:00,0,4,1,0,1,LAA,21448,Davis Martin,Davis Martin,R,
4,AL,C,White Sox,CHW,2026-05-05T00:00:00,0,4,1,0,1,LAA,17425,Erick Fedde,Erick Fedde,R,
4,AL,C,White Sox,CHW,2026-05-06T00:00:00,0,4,1,0,1,LAA,32056,Noah Schultz,Noah Schultz,L,
5,AL,C,Guardians,CLE,2026-04-21T00:00:00,0,21,5,1,21,HOU,31986,Parker Messick,Parker Messick,L,
5,AL,C,Guardians,CLE,2026-04-22T00:00:00,0,21,5,1,21,HOU,30134,Tanner Bibee,Tanner Bibee,R,
5,AL,C,Guardians,CLE,2026-04-24T00:00:00,0,5,14,0,14,TOR,30122,Gavin Williams,Gavin Williams,R,
5,AL,C,Guardians,CLE,2026-04-25T00:00:00,0,5,14,0,14,TOR,23335,Joey Cantillo,Joey Cantillo,L,
5,AL,C,Guardians,CLE,2026-04-26T00:00:00,0,5,14,0,14,TOR,27500,Slade Cecconi,Slade Cecconi,R,
5,AL,C,Guardians,CLE,2026-04-27T00:00:00,0,12,5,1,12,TBR,31986,Parker Messick,Parker Messick,L,
5,AL,C,Guardians,CLE,2026-04-28T00:00:00,0,12,5,1,12,TBR,30134,Tanner Bibee,Tanner Bibee,R,
5,AL,C,Guardians,CLE,2026-04-29T00:00:00,0,12,5,1,12,TBR,30122,Gavin Williams,Gavin Williams,R,
5,AL,C,Guardians,CLE,2026-05-01T00:00:00,0,5,10,0,10,ATH,23335,Joey Cantillo,Joey Cantillo,L,
5,AL,C,Guardians,CLE,2026-05-02T00:00:00,0,5,10,0,10,ATH,27500,Slade Cecconi,Slade Cecconi,R,
5,AL,C,Guardians,CLE,2026-05-03T00:00:00,0,5,10,0,10,ATH,31986,Parker Messick,Parker Messick,L,
5,AL,C,Guardians,CLE,2026-05-04T00:00:00,0,5,7,0,7,KCR,30134,Tanner Bibee,Tanner Bibee,R,
5,AL,C,Guardians,CLE,2026-05-05T00:00:00,0,5,7,0,7,KCR,30122,Gavin Williams,Gavin Williams,R,
5,AL,C,Guardians,CLE,2026-05-06T00:00:00,0,5,7,0,7,KCR,23335,Joey Cantillo,Joey Cantillo,L,
6,AL,C,Tigers,DET,2026-04-21T00:00:00,0,23,6,1,23,MIL,22630,Keider Montero,Keider Montero,R,
6,AL,C,Tigers,DET,2026-04-22T00:00:00,0,23,6,1,23,MIL,20492,Casey Mize,Casey Mize,R,
6,AL,C,Tigers,DET,2026-04-23T00:00:00,0,23,6,1,23,MIL,22267,Tarik Skubal,Tarik Skubal,L,
6,AL,C,Tigers,DET,2026-04-24T00:00:00,0,6,18,0,18,CIN,17295,Framber Valdez,Framber Valdez,L,
6,AL,C,Tigers,DET,2026-04-25T00:00:00,0,6,18,0,18,CIN,17479,Jack Flaherty,Jack Flaherty,R,
6,AL,C,Tigers,DET,2026-04-26T00:00:00,0,6,18,0,18,CIN,22630,Keider Montero,Keider Montero,R,
6,AL,C,Tigers,DET,2026-04-28T00:00:00,0,6,16,0,16,ATL,20492,Casey Mize,Casey Mize,R,
6,AL,C,Tigers,DET,2026-04-29T00:00:00,0,6,16,0,16,ATL,22267,Tarik Skubal,Tarik Skubal,L,
6,AL,C,Tigers,DET,2026-04-30T00:00:00,0,6,16,0,16,ATL,17295,Framber Valdez,Framber Valdez,L,
6,AL,C,Tigers,DET,2026-05-01T00:00:00,0,13,6,1,13,TEX,17479,Jack Flaherty,Jack Flaherty,R,
6,AL,C,Tigers,DET,2026-05-02T00:00:00,0,13,6,1,13,TEX,22630,Keider Montero,Keider Montero,R,
6,AL,C,Tigers,DET,2026-05-03T00:00:00,0,13,6,1,13,TEX,20492,Casey Mize,Casey Mize,R,
6,AL,C,Tigers,DET,2026-05-04T00:00:00,0,3,6,1,3,BOS,22267,Tarik Skubal,Tarik Skubal,L,
6,AL,C,Tigers,DET,2026-05-05T00:00:00,0,3,6,1,3,BOS,17295,Framber Valdez,Framber Valdez,L,
6,AL,C,Tigers,DET,2026-05-06T00:00:00,0,3,6,1,3,BOS,17479,Jack Flaherty,Jack Flaherty,R,
7,AL,C,Royals,KCR,2026-04-21T00:00:00,0,2,7,1,2,BAL,21455,Kris Bubic,Kris Bubic,L,
7,AL,C,Royals,KCR,2026-04-22T00:00:00,0,2,7,1,2,BAL,14078,Michael Wacha,Michael Wacha,R,
7,AL,C,Royals,KCR,2026-04-24T00:00:00,0,1,7,1,1,LAA,30184,Noah Cameron,Noah Cameron,L,
7,AL,C,Royals,KCR,2026-04-25T00:00:00,0,1,7,1,1,LAA,21846,Cole Ragans,Cole Ragans,L,
7,AL,C,Royals,KCR,2026-04-26T00:00:00,0,1,7,1,1,LAA,12447,Seth Lugo,Seth Lugo,R,
7,AL,C,Royals,KCR,2026-04-28T00:00:00,0,7,10,0,10,ATH,21455,Kris Bubic,Kris Bubic,L,
7,AL,C,Royals,KCR,2026-04-29T00:00:00,0,7,10,0,10,ATH,14078,Michael Wacha,Michael Wacha,R,
7,AL,C,Royals,KCR,2026-04-30T00:00:00,0,7,10,0,10,ATH,30184,Noah Cameron,Noah Cameron,L,
7,AL,C,Royals,KCR,2026-05-01T00:00:00,0,7,11,0,11,SEA,21846,Cole Ragans,Cole Ragans,L,
7,AL,C,Royals,KCR,2026-05-02T00:00:00,0,7,11,0,11,SEA,12447,Seth Lugo,Seth Lugo,R,
7,AL,C,Royals,KCR,2026-05-03T00:00:00,0,7,11,0,11,SEA,21455,Kris Bubic,Kris Bubic,L,
7,AL,C,Royals,KCR,2026-05-04T00:00:00,0,5,7,1,5,CLE,14078,Michael Wacha,Michael Wacha,R,
7,AL,C,Royals,KCR,2026-05-05T00:00:00,0,5,7,1,5,CLE,30184,Noah Cameron,Noah Cameron,L,
7,AL,C,Royals,KCR,2026-05-06T00:00:00,0,5,7,1,5,CLE,21846,Cole Ragans,Cole Ragans,L,
8,AL,C,Twins,MIN,2026-04-21T00:00:00,0,8,25,0,25,NYM,24494,Simeon Woods Richardson,Simeon Woods Richardson,R,
8,AL,C,Twins,MIN,2026-04-22T00:00:00,0,8,25,0,25,NYM,,,,,
8,AL,C,Twins,MIN,2026-04-23T00:00:00,0,8,25,0,25,NYM,21390,Joe Ryan,Joe Ryan,R,
8,AL,C,Twins,MIN,2026-04-24T00:00:00,0,8,12,0,12,TBR,22543,Taj Bradley,Taj Bradley,R,
8,AL,C,Twins,MIN,2026-04-25T00:00:00,0,8,12,0,12,TBR,21224,Bailey Ober,Bailey Ober,R,
8,AL,C,Twins,MIN,2026-04-26T00:00:00,0,8,12,0,12,TBR,24494,Simeon Woods Richardson,Simeon Woods Richardson,R,
8,AL,C,Twins,MIN,2026-04-27T00:00:00,0,11,8,1,11,SEA,,,,,
8,AL,C,Twins,MIN,2026-04-28T00:00:00,0,11,8,1,11,SEA,21390,Joe Ryan,Joe Ryan,R,
8,AL,C,Twins,MIN,2026-04-29T00:00:00,0,11,8,1,11,SEA,22543,Taj Bradley,Taj Bradley,R,
8,AL,C,Twins,MIN,2026-04-30T00:00:00,0,14,8,1,14,TOR,21224,Bailey Ober,Bailey Ober,R,
8,AL,C,Twins,MIN,2026-05-01T00:00:00,0,14,8,1,14,TOR,24494,Simeon Woods Richardson,Simeon Woods Richardson,R,
8,AL,C,Twins,MIN,2026-05-02T00:00:00,0,14,8,1,14,TOR,,,,,
8,AL,C,Twins,MIN,2026-05-03T00:00:00,0,14,8,1,14,TOR,21390,Joe Ryan,Joe Ryan,R,
8,AL,C,Twins,MIN,2026-05-05T00:00:00,0,8,24,0,24,WSN,22543,Taj Bradley,Taj Bradley,R,
8,AL,C,Twins,MIN,2026-05-06T00:00:00,0,8,24,0,24,WSN,21224,Bailey Ober,Bailey Ober,R,
9,AL,E,Yankees,NYY,2026-04-21T00:00:00,0,9,3,0,3,BOS,21052,Luis Gil,Luis Gil,R,
9,AL,E,Yankees,NYY,2026-04-22T00:00:00,0,9,3,0,3,BOS,13743,Max Fried,Max Fried,L,
9,AL,E,Yankees,NYY,2026-04-23T00:00:00,0,9,3,0,3,BOS,32095,Cam Schlittler,Cameron Schlittler,R,
9,AL,E,Yankees,NYY,2026-04-24T00:00:00,0,9,21,0,21,HOU,30182,Will Warren,Will Warren,R,
9,AL,E,Yankees,NYY,2026-04-25T00:00:00,0,9,21,0,21,HOU,23796,Ryan Weathers,Ryan Weathers,L,
9,AL,E,Yankees,NYY,2026-04-26T00:00:00,0,9,21,0,21,HOU,21052,Luis Gil,Luis Gil,R,
9,AL,E,Yankees,NYY,2026-04-27T00:00:00,0,9,13,0,13,TEX,13743,Max Fried,Max Fried,L,
9,AL,E,Yankees,NYY,2026-04-28T00:00:00,0,9,13,0,13,TEX,32095,Cam Schlittler,Cameron Schlittler,R,
9,AL,E,Yankees,NYY,2026-04-29T00:00:00,0,9,13,0,13,TEX,30182,Will Warren,Will Warren,R,
9,AL,E,Yankees,NYY,2026-05-01T00:00:00,0,2,9,1,2,BAL,23796,Ryan Weathers,Ryan Weathers,L,
9,AL,E,Yankees,NYY,2026-05-02T00:00:00,0,2,9,1,2,BAL,16137,Carlos Rodón,Carlos Rodon,L,
9,AL,E,Yankees,NYY,2026-05-03T00:00:00,0,2,9,1,2,BAL,13743,Max Fried,Max Fried,L,
9,AL,E,Yankees,NYY,2026-05-04T00:00:00,0,2,9,1,2,BAL,32095,Cam Schlittler,Cameron Schlittler,R,
9,AL,E,Yankees,NYY,2026-05-05T00:00:00,0,13,9,1,13,TEX,30182,Will Warren,Will Warren,R,
9,AL,E,Yankees,NYY,2026-05-06T00:00:00,0,13,9,1,13,TEX,23796,Ryan Weathers,Ryan Weathers,L,
10,AL,W,Athletics,ATH,2026-04-21T00:00:00,0,10,11,0,11,SEA,25098,Jacob Lopez,Jacob Lopez,L,
10,AL,W,Athletics,ATH,2026-04-22T00:00:00,0,10,11,0,11,SEA,19479,Aaron Civale,Aaron Civale,R,
10,AL,W,Athletics,ATH,2026-04-24T00:00:00,0,10,13,0,13,TEX,15890,Luis Severino,Luis Severino,R,
10,AL,W,Athletics,ATH,2026-04-25T00:00:00,0,10,13,0,13,TEX,17677,Jeffrey Springs,Jeffrey Springs,L,
10,AL,W,Athletics,ATH,2026-04-26T00:00:00,0,10,13,0,13,TEX,27889,J.T. Ginn,J.T. Ginn,R,
10,AL,W,Athletics,ATH,2026-04-28T00:00:00,0,7,10,1,7,KCR,25098,Jacob Lopez,Jacob Lopez,L,
10,AL,W,Athletics,ATH,2026-04-29T00:00:00,0,7,10,1,7,KCR,19479,Aaron Civale,Aaron Civale,R,
10,AL,W,Athletics,ATH,2026-04-30T00:00:00,0,7,10,1,7,KCR,15890,Luis Severino,Luis Severino,R,
10,AL,W,Athletics,ATH,2026-05-01T00:00:00,0,5,10,1,5,CLE,17677,Jeffrey Springs,Jeffrey Springs,L,
10,AL,W,Athletics,ATH,2026-05-02T00:00:00,0,5,10,1,5,CLE,27889,J.T. Ginn,J.T. Ginn,R,
10,AL,W,Athletics,ATH,2026-05-03T00:00:00,0,5,10,1,5,CLE,25098,Jacob Lopez,Jacob Lopez,L,
10,AL,W,Athletics,ATH,2026-05-05T00:00:00,0,10,26,0,26,PHI,19479,Aaron Civale,Aaron Civale,R,
10,AL,W,Athletics,ATH,2026-05-06T00:00:00,0,10,26,0,26,PHI,15890,Luis Severino,Luis Severino,R,
11,AL,W,Mariners,SEA,2026-04-21T00:00:00,0,10,11,1,10,ATH,15689,Luis Castillo,Luis Castillo,R,
11,AL,W,Mariners,SEA,2026-04-22T00:00:00,0,10,11,1,10,ATH,22250,Logan Gilbert,Logan Gilbert,R,
11,AL,W,Mariners,SEA,2026-04-24T00:00:00,0,11,28,0,28,STL,25436,George Kirby,George Kirby,R,
11,AL,W,Mariners,SEA,2026-04-25T00:00:00,0,11,28,0,28,STL,30279,Bryan Woo,Bryan Woo,R,
11,AL,W,Mariners,SEA,2026-04-26T00:00:00,0,11,28,0,28,STL,27470,Emerson Hancock,Emerson Hancock,R,
11,AL,W,Mariners,SEA,2026-04-27T00:00:00,0,11,8,0,8,MIN,15689,Luis Castillo,Luis Castillo,R,
11,AL,W,Mariners,SEA,2026-04-28T00:00:00,0,11,8,0,8,MIN,22250,Logan Gilbert,Logan Gilbert,R,
11,AL,W,Mariners,SEA,2026-04-29T00:00:00,0,11,8,0,8,MIN,25436,George Kirby,George Kirby,R,
11,AL,W,Mariners,SEA,2026-05-01T00:00:00,0,7,11,1,7,KCR,30279,Bryan Woo,Bryan Woo,R,
11,AL,W,Mariners,SEA,2026-05-02T00:00:00,0,7,11,1,7,KCR,27470,Emerson Hancock,Emerson Hancock,R,
11,AL,W,Mariners,SEA,2026-05-03T00:00:00,0,7,11,1,7,KCR,15689,Luis Castillo,Luis Castillo,R,
11,AL,W,Mariners,SEA,2026-05-04T00:00:00,0,16,11,1,16,ATL,22250,Logan Gilbert,Logan Gilbert,R,
11,AL,W,Mariners,SEA,2026-05-05T00:00:00,0,16,11,1,16,ATL,25436,George Kirby,George Kirby,R,
11,AL,W,Mariners,SEA,2026-05-06T00:00:00,0,16,11,1,16,ATL,30279,Bryan Woo,Bryan Woo,R,
12,AL,E,Rays,TBR,2026-04-21T00:00:00,0,18,12,1,18,CIN,13361,Steven Matz,Steven Matz,L,
12,AL,E,Rays,TBR,2026-04-22T00:00:00,0,18,12,1,18,CIN,12730,Nick Martinez,Nick Martinez,R,
12,AL,E,Rays,TBR,2026-04-24T00:00:00,0,8,12,1,8,MIN,25385,Drew Rasmussen,Drew Rasmussen,R,
12,AL,E,Rays,TBR,2026-04-25T00:00:00,0,8,12,1,8,MIN,21483,Shane McClanahan,Shane McClanahan,L,
12,AL,E,Rays,TBR,2026-04-26T00:00:00,0,8,12,1,8,MIN,19205,Jesse Scholtens,Jesse Scholtens,R,
12,AL,E,Rays,TBR,2026-04-27T00:00:00,0,12,5,0,5,CLE,13361,Steven Matz,Steven Matz,L,
12,AL,E,Rays,TBR,2026-04-28T00:00:00,0,12,5,0,5,CLE,12730,Nick Martinez,Nick Martinez,R,
12,AL,E,Rays,TBR,2026-04-29T00:00:00,0,12,5,0,5,CLE,25385,Drew Rasmussen,Drew Rasmussen,R,
12,AL,E,Rays,TBR,2026-05-01T00:00:00,0,30,12,1,30,SFG,21483,Shane McClanahan,Shane McClanahan,L,
12,AL,E,Rays,TBR,2026-05-02T00:00:00,0,30,12,1,30,SFG,19205,Jesse Scholtens,Jesse Scholtens,R,
12,AL,E,Rays,TBR,2026-05-03T00:00:00,0,30,12,1,30,SFG,13361,Steven Matz,Steven Matz,L,
12,AL,E,Rays,TBR,2026-05-04T00:00:00,0,14,12,1,14,TOR,12730,Nick Martinez,Nick Martinez,R,
12,AL,E,Rays,TBR,2026-05-05T00:00:00,0,14,12,1,14,TOR,25385,Drew Rasmussen,Drew Rasmussen,R,
12,AL,E,Rays,TBR,2026-05-06T00:00:00,0,14,12,1,14,TOR,21483,Shane McClanahan,Shane McClanahan,L,
13,AL,W,Rangers,TEX,2026-04-21T00:00:00,0,27,13,1,27,PIT,31843,Kumar Rocker,Kumar Rocker,R,
13,AL,W,Rangers,TEX,2026-04-22T00:00:00,0,27,13,1,27,PIT,30146,Jack Leiter,Jack Leiter,R,
13,AL,W,Rangers,TEX,2026-04-23T00:00:00,0,27,13,1,27,PIT,10954,Jacob deGrom,Jacob deGrom,R,
13,AL,W,Rangers,TEX,2026-04-24T00:00:00,0,10,13,1,10,ATH,9132,Nathan Eovaldi,Nathan Eovaldi,R,
13,AL,W,Rangers,TEX,2026-04-25T00:00:00,0,10,13,1,10,ATH,22201,MacKenzie Gore,MacKenzie Gore,L,
13,AL,W,Rangers,TEX,2026-04-26T00:00:00,0,10,13,1,10,ATH,31843,Kumar Rocker,Kumar Rocker,R,
13,AL,W,Rangers,TEX,2026-04-27T00:00:00,0,9,13,1,9,NYY,30146,Jack Leiter,Jack Leiter,R,
13,AL,W,Rangers,TEX,2026-04-28T00:00:00,0,9,13,1,9,NYY,10954,Jacob deGrom,Jacob deGrom,R,
13,AL,W,Rangers,TEX,2026-04-29T00:00:00,0,9,13,1,9,NYY,9132,Nathan Eovaldi,Nathan Eovaldi,R,
13,AL,W,Rangers,TEX,2026-05-01T00:00:00,0,13,6,0,6,DET,22201,MacKenzie Gore,MacKenzie Gore,L,
13,AL,W,Rangers,TEX,2026-05-02T00:00:00,0,13,6,0,6,DET,31843,Kumar Rocker,Kumar Rocker,R,
13,AL,W,Rangers,TEX,2026-05-03T00:00:00,0,13,6,0,6,DET,30146,Jack Leiter,Jack Leiter,R,
13,AL,W,Rangers,TEX,2026-05-05T00:00:00,0,13,9,0,9,NYY,10954,Jacob deGrom,Jacob deGrom,R,
13,AL,W,Rangers,TEX,2026-05-06T00:00:00,0,13,9,0,9,NYY,9132,Nathan Eovaldi,Nathan Eovaldi,R,
14,AL,E,Blue Jays,TOR,2026-04-21T00:00:00,0,14,1,0,1,LAA,9323,Patrick Corbin,Patrick Corbin,L,
14,AL,E,Blue Jays,TOR,2026-04-22T00:00:00,0,14,1,0,1,LAA,19316,Eric Lauer,Eric Lauer,L,
14,AL,E,Blue Jays,TOR,2026-04-24T00:00:00,0,5,14,1,5,CLE,3137,Max Scherzer,Max Scherzer,R,
14,AL,E,Blue Jays,TOR,2026-04-25T00:00:00,0,5,14,1,5,CLE,14107,Kevin Gausman,Kevin Gausman,R,
14,AL,E,Blue Jays,TOR,2026-04-26T00:00:00,0,5,14,1,5,CLE,18525,Dylan Cease,Dylan Cease,R,
14,AL,E,Blue Jays,TOR,2026-04-27T00:00:00,0,3,14,1,3,BOS,35456,Trey Yesavage,Trey Yesavage,R,
14,AL,E,Blue Jays,TOR,2026-04-28T00:00:00,0,3,14,1,3,BOS,19316,Eric Lauer,Eric Lauer,L,
14,AL,E,Blue Jays,TOR,2026-04-29T00:00:00,0,3,14,1,3,BOS,3137,Max Scherzer,Max Scherzer,R,
14,AL,E,Blue Jays,TOR,2026-04-30T00:00:00,0,14,8,0,8,MIN,14107,Kevin Gausman,Kevin Gausman,R,
14,AL,E,Blue Jays,TOR,2026-05-01T00:00:00,0,14,8,0,8,MIN,18525,Dylan Cease,Dylan Cease,R,
14,AL,E,Blue Jays,TOR,2026-05-02T00:00:00,0,14,8,0,8,MIN,35456,Trey Yesavage,Trey Yesavage,R,
14,AL,E,Blue Jays,TOR,2026-05-03T00:00:00,0,14,8,0,8,MIN,19316,Eric Lauer,Eric Lauer,L,
14,AL,E,Blue Jays,TOR,2026-05-04T00:00:00,0,14,12,0,12,TBR,3137,Max Scherzer,Max Scherzer,R,
14,AL,E,Blue Jays,TOR,2026-05-05T00:00:00,0,14,12,0,12,TBR,14107,Kevin Gausman,Kevin Gausman,R,
14,AL,E,Blue Jays,TOR,2026-05-06T00:00:00,0,14,12,0,12,TBR,18525,Dylan Cease,Dylan Cease,R,
15,NL,W,Diamondbacks,ARI,2026-04-21T00:00:00,0,4,15,1,4,CHW,11156,Merrill Kelly,Merrill Kelly,R,
15,NL,W,Diamondbacks,ARI,2026-04-22T00:00:00,0,4,15,1,4,CHW,13164,Eduardo Rodriguez,Eduardo Rodriguez,L,
15,NL,W,Diamondbacks,ARI,2026-04-23T00:00:00,0,4,15,1,4,CHW,18383,Michael Soroka,Michael Soroka,R,
15,NL,W,Diamondbacks,ARI,2026-04-25T00:00:00,0,29,15,1,29,SDP,19291,Zac Gallen,Zac Gallen,R,
15,NL,W,Diamondbacks,ARI,2026-04-26T00:00:00,0,29,15,1,29,SDP,26253,Ryne Nelson,Ryne Nelson,R,
15,NL,W,Diamondbacks,ARI,2026-04-28T00:00:00,0,15,23,0,23,MIL,11156,Merrill Kelly,Merrill Kelly,R,
15,NL,W,Diamondbacks,ARI,2026-04-29T00:00:00,0,15,23,0,23,MIL,13164,Eduardo Rodriguez,Eduardo Rodriguez,L,
15,NL,W,Diamondbacks,ARI,2026-04-30T00:00:00,0,15,23,0,23,MIL,18383,Michael Soroka,Michael Soroka,R,
15,NL,W,Diamondbacks,ARI,2026-05-01T00:00:00,0,15,17,0,17,CHC,19291,Zac Gallen,Zac Gallen,R,
15,NL,W,Diamondbacks,ARI,2026-05-02T00:00:00,0,15,17,0,17,CHC,26253,Ryne Nelson,Ryne Nelson,R,
15,NL,W,Diamondbacks,ARI,2026-05-03T00:00:00,0,15,17,0,17,CHC,11156,Merrill Kelly,Merrill Kelly,R,
15,NL,W,Diamondbacks,ARI,2026-05-05T00:00:00,0,27,15,1,27,PIT,13164,Eduardo Rodriguez,Eduardo Rodriguez,L,
15,NL,W,Diamondbacks,ARI,2026-05-06T00:00:00,0,27,15,1,27,PIT,18383,Michael Soroka,Michael Soroka,R,
16,NL,E,Braves,ATL,2026-04-21T00:00:00,0,16,24,0,24,WSN,16400,Reynaldo López,Reynaldo Lopez,R,
16,NL,E,Braves,ATL,2026-04-22T00:00:00,0,16,24,0,24,WSN,6902,Martín Pérez,Martin Perez,L,
16,NL,E,Braves,ATL,2026-04-23T00:00:00,0,16,24,0,24,WSN,10603,Chris Sale,Chris Sale,L,
16,NL,E,Braves,ATL,2026-04-24T00:00:00,0,26,16,1,26,PHI,16944,Grant Holmes,Grant Holmes,R,
16,NL,E,Braves,ATL,2026-04-25T00:00:00,0,26,16,1,26,PHI,27779,Bryce Elder,Bryce Elder,R,
16,NL,E,Braves,ATL,2026-04-26T00:00:00,0,26,16,1,26,PHI,16400,Reynaldo López,Reynaldo Lopez,R,
16,NL,E,Braves,ATL,2026-04-28T00:00:00,0,6,16,1,6,DET,6902,Martín Pérez,Martin Perez,L,
16,NL,E,Braves,ATL,2026-04-29T00:00:00,0,6,16,1,6,DET,10603,Chris Sale,Chris Sale,L,
16,NL,E,Braves,ATL,2026-04-30T00:00:00,0,6,16,1,6,DET,16944,Grant Holmes,Grant Holmes,R,
16,NL,E,Braves,ATL,2026-05-01T00:00:00,0,16,19,0,19,COL,27779,Bryce Elder,Bryce Elder,R,
16,NL,E,Braves,ATL,2026-05-02T00:00:00,0,16,19,0,19,COL,27498,Spencer Strider,Spencer Strider,R,
16,NL,E,Braves,ATL,2026-05-03T00:00:00,0,16,19,0,19,COL,16400,Reynaldo López,Reynaldo Lopez,R,
16,NL,E,Braves,ATL,2026-05-04T00:00:00,0,16,11,0,11,SEA,10603,Chris Sale,Chris Sale,L,
16,NL,E,Braves,ATL,2026-05-05T00:00:00,0,16,11,0,11,SEA,16944,Grant Holmes,Grant Holmes,R,
16,NL,E,Braves,ATL,2026-05-06T00:00:00,0,16,11,0,11,SEA,27779,Bryce Elder,Bryce Elder,R,
17,NL,C,Cubs,CHC,2026-04-21T00:00:00,0,26,17,1,26,PHI,33829,Shota Imanaga,Shota Imanaga,L,
17,NL,C,Cubs,CHC,2026-04-22T00:00:00,0,26,17,1,26,PHI,15440,Matthew Boyd,Matthew Boyd,L,
17,NL,C,Cubs,CHC,2026-04-23T00:00:00,0,26,17,1,26,PHI,21690,Edward Cabrera,Edward Cabrera,R,
17,NL,C,Cubs,CHC,2026-04-24T00:00:00,0,17,22,0,22,LAD,11674,Jameson Taillon,Jameson Taillon,R,
17,NL,C,Cubs,CHC,2026-04-25T00:00:00,0,17,22,0,22,LAD,12317,Colin Rea,Colin Rea,R,
17,NL,C,Cubs,CHC,2026-04-26T00:00:00,0,17,22,0,22,LAD,33829,Shota Imanaga,Shota Imanaga,L,
17,NL,C,Cubs,CHC,2026-04-27T00:00:00,0,17,29,0,29,SDP,15440,Matthew Boyd,Matthew Boyd,L,
17,NL,C,Cubs,CHC,2026-04-28T00:00:00,0,17,29,0,29,SDP,21690,Edward Cabrera,Edward Cabrera,R,
17,NL,C,Cubs,CHC,2026-04-29T00:00:00,0,17,29,0,29,SDP,11674,Jameson Taillon,Jameson Taillon,R,
17,NL,C,Cubs,CHC,2026-05-01T00:00:00,0,15,17,1,15,ARI,12317,Colin Rea,Colin Rea,R,
17,NL,C,Cubs,CHC,2026-05-02T00:00:00,0,15,17,1,15,ARI,33829,Shota Imanaga,Shota Imanaga,L,
17,NL,C,Cubs,CHC,2026-05-03T00:00:00,0,15,17,1,15,ARI,15440,Matthew Boyd,Matthew Boyd,L,
17,NL,C,Cubs,CHC,2026-05-04T00:00:00,0,18,17,1,18,CIN,21690,Edward Cabrera,Edward Cabrera,R,
17,NL,C,Cubs,CHC,2026-05-05T00:00:00,0,18,17,1,18,CIN,11674,Jameson Taillon,Jameson Taillon,R,
17,NL,C,Cubs,CHC,2026-05-06T00:00:00,0,18,17,1,18,CIN,12317,Colin Rea,Colin Rea,R,
18,NL,C,Reds,CIN,2026-04-21T00:00:00,0,18,12,0,12,TBR,35333,Chase Burns,Chase Burns,R,
18,NL,C,Reds,CIN,2026-04-22T00:00:00,0,18,12,0,12,TBR,25463,Brandon Williamson,Brandon Williamson,L,
18,NL,C,Reds,CIN,2026-04-24T00:00:00,0,6,18,1,6,DET,29911,Andrew Abbott,Andrew Abbott,L,
18,NL,C,Reds,CIN,2026-04-25T00:00:00,0,6,18,1,6,DET,25377,Brady Singer,Brady Singer,R,
18,NL,C,Reds,CIN,2026-04-26T00:00:00,0,6,18,1,6,DET,33876,Rhett Lowder,Rhett Lowder,R,
18,NL,C,Reds,CIN,2026-04-28T00:00:00,0,19,18,1,19,COL,35333,Chase Burns,Chase Burns,R,
18,NL,C,Reds,CIN,2026-04-29T00:00:00,0,19,18,1,19,COL,26378,Nick Lodolo,Nick Lodolo,L,
18,NL,C,Reds,CIN,2026-04-30T00:00:00,0,19,18,1,19,COL,29911,Andrew Abbott,Andrew Abbott,L,
18,NL,C,Reds,CIN,2026-05-01T00:00:00,0,18,27,0,27,PIT,25377,Brady Singer,Brady Singer,R,
18,NL,C,Reds,CIN,2026-05-02T00:00:00,0,18,27,0,27,PIT,33876,Rhett Lowder,Rhett Lowder,R,
18,NL,C,Reds,CIN,2026-05-03T00:00:00,0,18,27,0,27,PIT,35333,Chase Burns,Chase Burns,R,
18,NL,C,Reds,CIN,2026-05-04T00:00:00,0,18,17,0,17,CHC,26378,Nick Lodolo,Nick Lodolo,L,
18,NL,C,Reds,CIN,2026-05-05T00:00:00,0,18,17,0,17,CHC,29911,Andrew Abbott,Andrew Abbott,L,
18,NL,C,Reds,CIN,2026-05-06T00:00:00,0,18,17,0,17,CHC,25377,Brady Singer,Brady Singer,R,
19,NL,W,Rockies,COL,2026-04-21T00:00:00,0,29,19,1,29,SDP,17556,Jimmy Herget,Jimmy Herget,R,
19,NL,W,Rockies,COL,2026-04-22T00:00:00,0,29,19,1,29,SDP,35321,Tomoyuki Sugano,Tomoyuki Sugano,R,
19,NL,W,Rockies,COL,2026-04-23T00:00:00,0,29,19,1,29,SDP,21446,Ryan Feltner,Ryan Feltner,R,
19,NL,W,Rockies,COL,2026-04-24T00:00:00,0,19,25,0,25,NYM,14843,Michael Lorenzen,Michael Lorenzen,R,
19,NL,W,Rockies,COL,2026-04-25T00:00:00,0,19,25,0,25,NYM,11423,Jose Quintana,Jose Quintana,L,
19,NL,W,Rockies,COL,2026-04-26T00:00:00,0,19,25,0,25,NYM,33482,Chase Dollander,Chase Dollander,R,
19,NL,W,Rockies,COL,2026-04-28T00:00:00,0,19,18,0,18,CIN,35321,Tomoyuki Sugano,Tomoyuki Sugano,R,
19,NL,W,Rockies,COL,2026-04-29T00:00:00,0,19,18,0,18,CIN,16256,Kyle Freeland,Kyle Freeland,L,
19,NL,W,Rockies,COL,2026-04-30T00:00:00,0,19,18,0,18,CIN,21446,Ryan Feltner,Ryan Feltner,R,
19,NL,W,Rockies,COL,2026-05-01T00:00:00,0,16,19,1,16,ATL,14843,Michael Lorenzen,Michael Lorenzen,R,
19,NL,W,Rockies,COL,2026-05-02T00:00:00,0,16,19,1,16,ATL,11423,Jose Quintana,Jose Quintana,L,
19,NL,W,Rockies,COL,2026-05-03T00:00:00,0,16,19,1,16,ATL,35321,Tomoyuki Sugano,Tomoyuki Sugano,R,
19,NL,W,Rockies,COL,2026-05-04T00:00:00,0,25,19,1,25,NYM,16256,Kyle Freeland,Kyle Freeland,L,
19,NL,W,Rockies,COL,2026-05-05T00:00:00,0,25,19,1,25,NYM,21446,Ryan Feltner,Ryan Feltner,R,
19,NL,W,Rockies,COL,2026-05-06T00:00:00,0,25,19,1,25,NYM,14843,Michael Lorenzen,Michael Lorenzen,R,
20,NL,E,Marlins,MIA,2026-04-21T00:00:00,0,28,20,1,28,STL,20099,Chris Paddack,Chris Paddack,R,
20,NL,E,Marlins,MIA,2026-04-22T00:00:00,0,28,20,1,28,STL,23301,Janson Junk,Janson Junk,R,
20,NL,E,Marlins,MIA,2026-04-24T00:00:00,0,20,30,0,30,SFG,18684,Sandy Alcantara,Sandy Alcantara,R,
20,NL,E,Marlins,MIA,2026-04-25T00:00:00,0,20,30,0,30,SFG,27768,Eury Pérez,Eury Perez,R,
20,NL,E,Marlins,MIA,2026-04-26T00:00:00,0,20,30,0,30,SFG,27474,Max Meyer,Max Meyer,R,
20,NL,E,Marlins,MIA,2026-04-27T00:00:00,0,20,22,0,22,LAD,20099,Chris Paddack,Chris Paddack,R,
20,NL,E,Marlins,MIA,2026-04-28T00:00:00,0,20,22,0,22,LAD,23301,Janson Junk,Janson Junk,R,
20,NL,E,Marlins,MIA,2026-04-29T00:00:00,0,20,22,0,22,LAD,18684,Sandy Alcantara,Sandy Alcantara,R,
20,NL,E,Marlins,MIA,2026-05-01T00:00:00,0,26,20,1,26,PHI,27768,Eury Pérez,Eury Perez,R,
20,NL,E,Marlins,MIA,2026-05-02T00:00:00,0,26,20,1,26,PHI,27474,Max Meyer,Max Meyer,R,
20,NL,E,Marlins,MIA,2026-05-03T00:00:00,0,26,20,1,26,PHI,20099,Chris Paddack,Chris Paddack,R,
20,NL,E,Marlins,MIA,2026-05-04T00:00:00,0,26,20,1,26,PHI,23301,Janson Junk,Janson Junk,R,
20,NL,E,Marlins,MIA,2026-05-05T00:00:00,0,2,20,1,2,BAL,18684,Sandy Alcantara,Sandy Alcantara,R,
20,NL,E,Marlins,MIA,2026-05-06T00:00:00,0,2,20,1,2,BAL,27768,Eury Pérez,Eury Perez,R,
21,AL,W,Astros,HOU,2026-04-21T00:00:00,0,21,5,0,5,CLE,24621,Ryan Weiss,Ryan Weiss,R,
21,AL,W,Astros,HOU,2026-04-22T00:00:00,0,21,5,0,5,CLE,17969,Peter Lambert,Peter Lambert,R,
21,AL,W,Astros,HOU,2026-04-24T00:00:00,0,9,21,1,9,NYY,14120,Lance McCullers Jr.,Lance McCullers Jr.,R,
21,AL,W,Astros,HOU,2026-04-25T00:00:00,0,9,21,1,9,NYY,24728,Mike Burrows,Mike Burrows,R,
21,AL,W,Astros,HOU,2026-04-26T00:00:00,0,9,21,1,9,NYY,29921,Spencer Arrighetti,Spencer Arrighetti,R,
21,AL,W,Astros,HOU,2026-04-28T00:00:00,0,21,2,0,2,BAL,17969,Peter Lambert,Peter Lambert,R,
21,AL,W,Astros,HOU,2026-04-29T00:00:00,0,21,2,0,2,BAL,14120,Lance McCullers Jr.,Lance McCullers Jr.,R,
21,AL,W,Astros,HOU,2026-04-30T00:00:00,0,21,2,0,2,BAL,24728,Mike Burrows,Mike Burrows,R,
21,AL,W,Astros,HOU,2026-05-01T00:00:00,0,21,3,0,3,BOS,29921,Spencer Arrighetti,Spencer Arrighetti,R,
21,AL,W,Astros,HOU,2026-05-02T00:00:00,0,21,3,0,3,BOS,23265,Cody Bolton,Cody Bolton,R,
21,AL,W,Astros,HOU,2026-05-03T00:00:00,0,21,3,0,3,BOS,17969,Peter Lambert,Peter Lambert,R,
21,AL,W,Astros,HOU,2026-05-04T00:00:00,0,22,21,1,22,LAD,14120,Lance McCullers Jr.,Lance McCullers Jr.,R,
21,AL,W,Astros,HOU,2026-05-05T00:00:00,0,22,21,1,22,LAD,24728,Mike Burrows,Mike Burrows,R,
21,AL,W,Astros,HOU,2026-05-06T00:00:00,0,22,21,1,22,LAD,29921,Spencer Arrighetti,Spencer Arrighetti,R,
22,NL,W,Dodgers,LAD,2026-04-21T00:00:00,0,22,30,0,30,SFG,33825,Yoshinobu Yamamoto,Yoshinobu Yamamoto,R,
22,NL,W,Dodgers,LAD,2026-04-22T00:00:00,0,22,30,0,30,SFG,19755,Shohei Ohtani,Shohei Ohtani,R,
22,NL,W,Dodgers,LAD,2026-04-23T00:00:00,0,22,30,0,30,SFG,14374,Tyler Glasnow,Tyler Glasnow,R,
22,NL,W,Dodgers,LAD,2026-04-24T00:00:00,0,17,22,1,17,CHC,29839,Emmet Sheehan,Emmet Sheehan,R,
22,NL,W,Dodgers,LAD,2026-04-25T00:00:00,0,17,22,1,17,CHC,35323,Roki Sasaki,Roki Sasaki,R,
22,NL,W,Dodgers,LAD,2026-04-26T00:00:00,0,17,22,1,17,CHC,31204,Justin Wrobleski,Justin Wrobleski,L,
22,NL,W,Dodgers,LAD,2026-04-27T00:00:00,0,20,22,1,20,MIA,33825,Yoshinobu Yamamoto,Yoshinobu Yamamoto,R,
22,NL,W,Dodgers,LAD,2026-04-28T00:00:00,0,20,22,1,20,MIA,19755,Shohei Ohtani,Shohei Ohtani,R,
22,NL,W,Dodgers,LAD,2026-04-29T00:00:00,0,20,22,1,20,MIA,14374,Tyler Glasnow,Tyler Glasnow,R,
22,NL,W,Dodgers,LAD,2026-05-01T00:00:00,0,22,28,0,28,STL,29839,Emmet Sheehan,Emmet Sheehan,R,
22,NL,W,Dodgers,LAD,2026-05-02T00:00:00,0,22,28,0,28,STL,35323,Roki Sasaki,Roki Sasaki,R,
22,NL,W,Dodgers,LAD,2026-05-03T00:00:00,0,22,28,0,28,STL,31204,Justin Wrobleski,Justin Wrobleski,L,
22,NL,W,Dodgers,LAD,2026-05-04T00:00:00,0,22,21,0,21,HOU,33825,Yoshinobu Yamamoto,Yoshinobu Yamamoto,R,
22,NL,W,Dodgers,LAD,2026-05-05T00:00:00,0,22,21,0,21,HOU,19755,Shohei Ohtani,Shohei Ohtani,R,
22,NL,W,Dodgers,LAD,2026-05-06T00:00:00,0,22,21,0,21,HOU,14374,Tyler Glasnow,Tyler Glasnow,R,
23,NL,C,Brewers,MIL,2026-04-21T00:00:00,0,23,6,0,6,DET,27758,Kyle Harrison,Kyle Harrison,L,
23,NL,C,Brewers,MIL,2026-04-22T00:00:00,0,23,6,0,6,DET,30113,Chad Patrick,Chad Patrick,R,
23,NL,C,Brewers,MIL,2026-04-23T00:00:00,0,23,6,0,6,DET,33850,Brandon Sproat,Brandon Sproat,R,
23,NL,C,Brewers,MIL,2026-04-24T00:00:00,0,27,23,1,27,PIT,16162,Brandon Woodruff,Brandon Woodruff,R,
23,NL,C,Brewers,MIL,2026-04-25T00:00:00,0,27,23,1,27,PIT,31623,Jacob Misiorowski,Jacob Misiorowski,R,
23,NL,C,Brewers,MIL,2026-04-26T00:00:00,0,27,23,1,27,PIT,27758,Kyle Harrison,Kyle Harrison,L,
23,NL,C,Brewers,MIL,2026-04-28T00:00:00,0,15,23,1,15,ARI,30113,Chad Patrick,Chad Patrick,R,
23,NL,C,Brewers,MIL,2026-04-29T00:00:00,0,15,23,1,15,ARI,33850,Brandon Sproat,Brandon Sproat,R,
23,NL,C,Brewers,MIL,2026-04-30T00:00:00,0,15,23,1,15,ARI,16162,Brandon Woodruff,Brandon Woodruff,R,
23,NL,C,Brewers,MIL,2026-05-01T00:00:00,0,23,24,0,24,WSN,31623,Jacob Misiorowski,Jacob Misiorowski,R,
23,NL,C,Brewers,MIL,2026-05-02T00:00:00,0,23,24,0,24,WSN,27758,Kyle Harrison,Kyle Harrison,L,
23,NL,C,Brewers,MIL,2026-05-03T00:00:00,0,23,24,0,24,WSN,30113,Chad Patrick,Chad Patrick,R,
23,NL,C,Brewers,MIL,2026-05-04T00:00:00,0,23,28,0,28,STL,33850,Brandon Sproat,Brandon Sproat,R,
23,NL,C,Brewers,MIL,2026-05-05T00:00:00,0,23,28,0,28,STL,16162,Brandon Woodruff,Brandon Woodruff,R,
23,NL,C,Brewers,MIL,2026-05-06T00:00:00,0,23,28,0,28,STL,31623,Jacob Misiorowski,Jacob Misiorowski,R,
24,NL,E,Nationals,WSN,2026-04-21T00:00:00,0,16,24,1,16,ATL,16432,Foster Griffin,Foster Griffin,L,
24,NL,E,Nationals,WSN,2026-04-22T00:00:00,0,16,24,1,16,ATL,15823,Zack Littell,Zack Littell,R,
24,NL,E,Nationals,WSN,2026-04-23T00:00:00,0,16,24,1,16,ATL,27473,Cade Cavalli,Cade Cavalli,R,
24,NL,E,Nationals,WSN,2026-04-24T00:00:00,0,24,4,0,4,CHW,9803,Miles Mikolas,Miles Mikolas,R,
24,NL,E,Nationals,WSN,2026-04-25T00:00:00,0,24,4,0,4,CHW,21504,Jake Irvin,Jake Irvin,R,
24,NL,E,Nationals,WSN,2026-04-26T00:00:00,0,24,4,0,4,CHW,16432,Foster Griffin,Foster Griffin,L,
24,NL,E,Nationals,WSN,2026-04-28T00:00:00,0,24,25,0,25,NYM,15823,Zack Littell,Zack Littell,R,
24,NL,E,Nationals,WSN,2026-04-29T00:00:00,0,24,25,0,25,NYM,27473,Cade Cavalli,Cade Cavalli,R,
24,NL,E,Nationals,WSN,2026-04-30T00:00:00,0,24,25,0,25,NYM,9803,Miles Mikolas,Miles Mikolas,R,
24,NL,E,Nationals,WSN,2026-05-01T00:00:00,0,23,24,1,23,MIL,21504,Jake Irvin,Jake Irvin,R,
24,NL,E,Nationals,WSN,2026-05-02T00:00:00,0,23,24,1,23,MIL,16432,Foster Griffin,Foster Griffin,L,
24,NL,E,Nationals,WSN,2026-05-03T00:00:00,0,23,24,1,23,MIL,15823,Zack Littell,Zack Littell,R,
24,NL,E,Nationals,WSN,2026-05-05T00:00:00,0,8,24,1,8,MIN,27473,Cade Cavalli,Cade Cavalli,R,
24,NL,E,Nationals,WSN,2026-05-06T00:00:00,0,8,24,1,8,MIN,9803,Miles Mikolas,Miles Mikolas,R,
25,NL,E,Mets,NYM,2026-04-21T00:00:00,0,8,25,1,8,MIN,33703,Nolan McLean,Nolan McLean,R,
25,NL,E,Mets,NYM,2026-04-22T00:00:00,0,8,25,1,8,MIN,13649,Clay Holmes,Clay Holmes,R,
25,NL,E,Mets,NYM,2026-04-23T00:00:00,0,8,25,1,8,MIN,30107,Christian Scott,Christian Scott,R,
25,NL,E,Mets,NYM,2026-04-24T00:00:00,0,19,25,1,19,COL,31838,Kodai Senga,Kodai Senga,R,
25,NL,E,Mets,NYM,2026-04-25T00:00:00,0,19,25,1,19,COL,18679,Freddy Peralta,Freddy Peralta,R,
25,NL,E,Mets,NYM,2026-04-26T00:00:00,0,19,25,1,19,COL,20302,David Peterson,David Peterson,L,
25,NL,E,Mets,NYM,2026-04-28T00:00:00,0,24,25,1,24,WSN,33703,Nolan McLean,Nolan McLean,R,
25,NL,E,Mets,NYM,2026-04-29T00:00:00,0,24,25,1,24,WSN,13649,Clay Holmes,Clay Holmes,R,
25,NL,E,Mets,NYM,2026-04-30T00:00:00,0,24,25,1,24,WSN,31838,Kodai Senga,Kodai Senga,R,
25,NL,E,Mets,NYM,2026-05-01T00:00:00,0,25,1,0,1,LAA,18679,Freddy Peralta,Freddy Peralta,R,
25,NL,E,Mets,NYM,2026-05-02T00:00:00,0,25,1,0,1,LAA,20302,David Peterson,David Peterson,L,
25,NL,E,Mets,NYM,2026-05-03T00:00:00,0,25,1,0,1,LAA,33703,Nolan McLean,Nolan McLean,R,
25,NL,E,Mets,NYM,2026-05-04T00:00:00,0,25,19,0,19,COL,13649,Clay Holmes,Clay Holmes,R,
25,NL,E,Mets,NYM,2026-05-05T00:00:00,0,25,19,0,19,COL,31838,Kodai Senga,Kodai Senga,R,
25,NL,E,Mets,NYM,2026-05-06T00:00:00,0,25,19,0,19,COL,18679,Freddy Peralta,Freddy Peralta,R,
26,NL,E,Phillies,PHI,2026-04-21T00:00:00,0,26,17,0,17,CHC,19959,Jesús Luzardo,Jesus Luzardo,L,
26,NL,E,Phillies,PHI,2026-04-22T00:00:00,0,26,17,0,17,CHC,11836,Taijuan Walker,Taijuan Walker,R,
26,NL,E,Phillies,PHI,2026-04-23T00:00:00,0,26,17,0,17,CHC,20778,Cristopher Sánchez,Cristopher Sanchez,L,
26,NL,E,Phillies,PHI,2026-04-24T00:00:00,0,26,16,0,16,ATL,10310,Zack Wheeler,Zack Wheeler,R,
26,NL,E,Phillies,PHI,2026-04-25T00:00:00,0,26,16,0,16,ATL,30091,Andrew Painter,Andrew Painter,R,
26,NL,E,Phillies,PHI,2026-04-26T00:00:00,0,26,16,0,16,ATL,16149,Aaron Nola,Aaron Nola,R,
26,NL,E,Phillies,PHI,2026-04-28T00:00:00,0,30,26,1,30,SFG,19959,Jesús Luzardo,Jesus Luzardo,L,
26,NL,E,Phillies,PHI,2026-04-29T00:00:00,0,30,26,1,30,SFG,20778,Cristopher Sánchez,Cristopher Sanchez,L,
26,NL,E,Phillies,PHI,2026-04-30T00:00:00,0,30,26,1,30,SFG,10310,Zack Wheeler,Zack Wheeler,R,
26,NL,E,Phillies,PHI,2026-05-01T00:00:00,0,26,20,0,20,MIA,30091,Andrew Painter,Andrew Painter,R,
26,NL,E,Phillies,PHI,2026-05-02T00:00:00,0,26,20,0,20,MIA,16149,Aaron Nola,Aaron Nola,R,
26,NL,E,Phillies,PHI,2026-05-03T00:00:00,0,26,20,0,20,MIA,19959,Jesús Luzardo,Jesus Luzardo,L,
26,NL,E,Phillies,PHI,2026-05-04T00:00:00,0,26,20,0,20,MIA,20778,Cristopher Sánchez,Cristopher Sanchez,L,
26,NL,E,Phillies,PHI,2026-05-05T00:00:00,0,10,26,1,10,ATH,10310,Zack Wheeler,Zack Wheeler,R,
26,NL,E,Phillies,PHI,2026-05-06T00:00:00,0,10,26,1,10,ATH,30091,Andrew Painter,Andrew Painter,R,
27,NL,C,Pirates,PIT,2026-04-21T00:00:00,0,27,13,0,13,TEX,27572,Carmen Mlodzinski,Carmen Mlodzinski,R,
27,NL,C,Pirates,PIT,2026-04-22T00:00:00,0,27,13,0,13,TEX,23793,Braxton Ashcraft,Braxton Ashcraft,R,
27,NL,C,Pirates,PIT,2026-04-23T00:00:00,0,27,13,0,13,TEX,29868,Bubba Chandler,Bubba Chandler,R,
27,NL,C,Pirates,PIT,2026-04-24T00:00:00,0,27,23,0,23,MIL,33677,Paul Skenes,Paul Skenes,R,
27,NL,C,Pirates,PIT,2026-04-25T00:00:00,0,27,23,0,23,MIL,17594,Mitch Keller,Mitch Keller,R,
27,NL,C,Pirates,PIT,2026-04-26T00:00:00,0,27,23,0,23,MIL,27572,Carmen Mlodzinski,Carmen Mlodzinski,R,
27,NL,C,Pirates,PIT,2026-04-27T00:00:00,0,28,27,1,28,STL,23793,Braxton Ashcraft,Braxton Ashcraft,R,
27,NL,C,Pirates,PIT,2026-04-28T00:00:00,0,28,27,1,28,STL,29868,Bubba Chandler,Bubba Chandler,R,
27,NL,C,Pirates,PIT,2026-04-29T00:00:00,0,28,27,1,28,STL,33677,Paul Skenes,Paul Skenes,R,
27,NL,C,Pirates,PIT,2026-04-30T00:00:00,0,28,27,1,28,STL,17594,Mitch Keller,Mitch Keller,R,
27,NL,C,Pirates,PIT,2026-05-01T00:00:00,0,18,27,1,18,CIN,27572,Carmen Mlodzinski,Carmen Mlodzinski,R,
27,NL,C,Pirates,PIT,2026-05-02T00:00:00,0,18,27,1,18,CIN,23793,Braxton Ashcraft,Braxton Ashcraft,R,
27,NL,C,Pirates,PIT,2026-05-03T00:00:00,0,18,27,1,18,CIN,29868,Bubba Chandler,Bubba Chandler,R,
27,NL,C,Pirates,PIT,2026-05-05T00:00:00,0,27,15,0,15,ARI,33677,Paul Skenes,Paul Skenes,R,
27,NL,C,Pirates,PIT,2026-05-06T00:00:00,0,27,15,0,15,ARI,17594,Mitch Keller,Mitch Keller,R,
28,NL,C,Cardinals,STL,2026-04-21T00:00:00,0,28,20,0,20,MIA,19716,Dustin May,Dustin May,R,
28,NL,C,Cardinals,STL,2026-04-22T00:00:00,0,28,20,0,20,MIA,24763,Kyle Leahy,Kyle Leahy,R,
28,NL,C,Cardinals,STL,2026-04-24T00:00:00,0,11,28,1,11,SEA,26108,Andre Pallante,Andre Pallante,R,
28,NL,C,Cardinals,STL,2026-04-25T00:00:00,0,11,28,1,11,SEA,22294,Matthew Liberatore,Matthew Liberatore,L,
28,NL,C,Cardinals,STL,2026-04-26T00:00:00,0,11,28,1,11,SEA,29869,Michael McGreevy,Michael McGreevy,R,
28,NL,C,Cardinals,STL,2026-04-27T00:00:00,0,28,27,0,27,PIT,19716,Dustin May,Dustin May,R,
28,NL,C,Cardinals,STL,2026-04-28T00:00:00,0,28,27,0,27,PIT,24763,Kyle Leahy,Kyle Leahy,R,
28,NL,C,Cardinals,STL,2026-04-29T00:00:00,0,28,27,0,27,PIT,26108,Andre Pallante,Andre Pallante,R,
28,NL,C,Cardinals,STL,2026-04-30T00:00:00,0,28,27,0,27,PIT,22294,Matthew Liberatore,Matthew Liberatore,L,
28,NL,C,Cardinals,STL,2026-05-01T00:00:00,0,22,28,1,22,LAD,29869,Michael McGreevy,Michael McGreevy,R,
28,NL,C,Cardinals,STL,2026-05-02T00:00:00,0,22,28,1,22,LAD,19716,Dustin May,Dustin May,R,
28,NL,C,Cardinals,STL,2026-05-03T00:00:00,0,22,28,1,22,LAD,24763,Kyle Leahy,Kyle Leahy,R,
28,NL,C,Cardinals,STL,2026-05-04T00:00:00,0,23,28,1,23,MIL,26108,Andre Pallante,Andre Pallante,R,
28,NL,C,Cardinals,STL,2026-05-05T00:00:00,0,23,28,1,23,MIL,22294,Matthew Liberatore,Matthew Liberatore,L,
28,NL,C,Cardinals,STL,2026-05-06T00:00:00,0,23,28,1,23,MIL,29869,Michael McGreevy,Michael McGreevy,R,
29,NL,W,Padres,SDP,2026-04-21T00:00:00,0,29,19,0,19,COL,24719,Randy Vásquez,Randy Vasquez,R,
29,NL,W,Padres,SDP,2026-04-22T00:00:00,0,29,19,0,19,COL,19374,Walker Buehler,Walker Buehler,R,
29,NL,W,Padres,SDP,2026-04-23T00:00:00,0,29,19,0,19,COL,25550,Matt Waldron,Matt Waldron,R,
29,NL,W,Padres,SDP,2026-04-25T00:00:00,0,29,15,0,15,ARI,15038,Germán Márquez,German Marquez,R,
29,NL,W,Padres,SDP,2026-04-26T00:00:00,0,29,15,0,15,ARI,19853,Michael King,Michael King,R,
29,NL,W,Padres,SDP,2026-04-27T00:00:00,0,17,29,1,17,CHC,24719,Randy Vásquez,Randy Vasquez,R,
29,NL,W,Padres,SDP,2026-04-28T00:00:00,0,17,29,1,17,CHC,19374,Walker Buehler,Walker Buehler,R,
29,NL,W,Padres,SDP,2026-04-29T00:00:00,0,17,29,1,17,CHC,25550,Matt Waldron,Matt Waldron,R,
29,NL,W,Padres,SDP,2026-05-01T00:00:00,0,4,29,1,4,CHW,15038,Germán Márquez,German Marquez,R,
29,NL,W,Padres,SDP,2026-05-02T00:00:00,0,4,29,1,4,CHW,19853,Michael King,Michael King,R,
29,NL,W,Padres,SDP,2026-05-03T00:00:00,0,4,29,1,4,CHW,24719,Randy Vásquez,Randy Vasquez,R,
29,NL,W,Padres,SDP,2026-05-04T00:00:00,0,29,30,0,30,SFG,19374,Walker Buehler,Walker Buehler,R,
29,NL,W,Padres,SDP,2026-05-05T00:00:00,0,29,30,0,30,SFG,19867,Griffin Canning,Griffin Canning,R,
29,NL,W,Padres,SDP,2026-05-06T00:00:00,0,29,30,0,30,SFG,15038,Germán Márquez,German Marquez,R,
30,NL,W,Giants,SFG,2026-04-21T00:00:00,0,22,30,1,22,LAD,30076,Landen Roupp,Landen Roupp,R,
30,NL,W,Giants,SFG,2026-04-22T00:00:00,0,22,30,1,22,LAD,16358,Tyler Mahle,Tyler Mahle,R,
30,NL,W,Giants,SFG,2026-04-23T00:00:00,0,22,30,1,22,LAD,17995,Logan Webb,Logan Webb,R,
30,NL,W,Giants,SFG,2026-04-24T00:00:00,0,20,30,1,20,MIA,12718,Adrian Houser,Adrian Houser,R,
30,NL,W,Giants,SFG,2026-04-25T00:00:00,0,20,30,1,20,MIA,11486,Robbie Ray,Robbie Ray,L,
30,NL,W,Giants,SFG,2026-04-26T00:00:00,0,20,30,1,20,MIA,30076,Landen Roupp,Landen Roupp,R,
30,NL,W,Giants,SFG,2026-04-28T00:00:00,0,30,26,0,26,PHI,16358,Tyler Mahle,Tyler Mahle,R,
30,NL,W,Giants,SFG,2026-04-29T00:00:00,0,30,26,0,26,PHI,17995,Logan Webb,Logan Webb,R,
30,NL,W,Giants,SFG,2026-04-30T00:00:00,0,30,26,0,26,PHI,12718,Adrian Houser,Adrian Houser,R,
30,NL,W,Giants,SFG,2026-05-01T00:00:00,0,30,12,0,12,TBR,11486,Robbie Ray,Robbie Ray,L,
30,NL,W,Giants,SFG,2026-05-02T00:00:00,0,30,12,0,12,TBR,30076,Landen Roupp,Landen Roupp,R,
30,NL,W,Giants,SFG,2026-05-03T00:00:00,0,30,12,0,12,TBR,16358,Tyler Mahle,Tyler Mahle,R,
30,NL,W,Giants,SFG,2026-05-04T00:00:00,0,29,30,1,29,SDP,17995,Logan Webb,Logan Webb,R,
30,NL,W,Giants,SFG,2026-05-05T00:00:00,0,29,30,1,29,SDP,12718,Adrian Houser,Adrian Houser,R,
30,NL,W,Giants,SFG,2026-05-06T00:00:00,0,29,30,1,29,SDP,11486,Robbie Ray,Robbie Ray,L,
